City_ID,City,Country,Max Temp,Weather description,Lat,Lng,Hotel Name
2,Vaini,TO,298.24,few clouds,-21.2,-175.2,Keleti Beach Resort
3,Dalby,AU,291.54,light rain,-27.1833,151.2667,Kobbers Motor Inn Dalby
5,Sri Aman,MY,298.18,moderate rain,1.2376,111.4621,Seri Simanggang Hotel
10,Lompoc,US,291.8,overcast clouds,34.6391,-120.4579,"Holiday Inn Express Lompoc, an IHG Hotel"
12,Atuona,PF,298.38,light rain,-9.8,-139.0333,Villa Enata
14,Bambous Virieux,MU,294.29,light intensity shower rain,-20.3428,57.7575,Casa Tia Villa
16,Ranong,TH,298.62,overcast clouds,9.9658,98.6348,Tinidee Hotel@Ranong
18,Ribeira Grande,PT,293.23,broken clouds,38.5167,-28.7,Quinta da Meia Eira
21,Hilo,US,304.42,light rain,19.7297,-155.09,Hilo Hawaiian Hotel
22,Padang,ID,298.03,overcast clouds,-0.9492,100.3543,Mercure Padang
23,Mar Del Plata,AR,291.16,clear sky,-38.0023,-57.5575,Gran Hotel Mar del Plata
25,Ambon,ID,298.23,few clouds,-3.6954,128.1814,Swiss-Belhotel Ambon
27,Port Elizabeth,ZA,290.98,clear sky,-33.918,25.5701,39 On Nile Guest House
29,Clifton,US,297.29,clear sky,40.8584,-74.1638,La Quinta Inn & Suites by Wyndham Clifton/Rutherford
34,Avarua,CK,298.18,broken clouds,-21.2078,-159.775,Paradise Inn
36,Richards Bay,ZA,290.51,moderate rain,-28.783,32.0377,BON Hotel Waterfront Richards Bay
37,Alofi,NU,300.09,broken clouds,-19.0595,-169.9187,Taloa Heights
38,Tukrah,LY,296.02,broken clouds,32.5341,20.5791,Lagrota restaurant
39,Puerto Ayora,EC,297.13,broken clouds,-0.7393,-90.3518,Finch Bay Galapagos Hotel
42,Rikitea,PF,297.08,overcast clouds,-23.1203,-134.9692,People ThankYou
44,Carnarvon,AU,290.19,overcast clouds,-24.8667,113.6333,Hospitality Carnarvon
45,Port Macquarie,AU,291.13,scattered clouds,-31.4333,152.9167,Rydges Port Macquarie
46,Georgetown,MY,300.31,few clouds,5.4112,100.3354,Cititel Penang
50,Abu Kamal,SY,294.5,clear sky,34.4506,40.9171,ŸÖÿ≠ÿ∑ÿ© ÿßŸÑÿ™ŸÑŸÅÿßÿ≤
51,Sola,VU,302.52,broken clouds,-13.8833,167.55,Leumerus Bungalows
56,Bandarbeyla,SO,298.25,scattered clouds,9.4942,50.8122,JABIR HOTEL
57,Mahebourg,MU,294.31,light intensity shower rain,-20.4081,57.7,Shandrani Beachcomber Resort & Spa
60,Castro,BR,291.08,broken clouds,-24.7911,-50.0119,CHACARA BAILLY
61,Pisco,PE,292.18,smoke,-13.7,-76.2167,Hotel San Isidro Oficial
65,Naze,JP,292.18,clear sky,28.3667,129.4833,„Ç™„Éº„Éô„É´„Ç∏„É•„Éª„Ç¢„Ç¨„É´„Ç§
66,Salalah,OM,297.2,few clouds,17.0151,54.0924,"HAMDAN PLAZA HOTEL SALALAH, an HTG Hotel"
67,Iracoubo,GF,298.58,heavy intensity rain,5.4802,-53.2011,Le G√Æte d‚ÄôIracoubo
68,Hithadhoo,MV,301.47,overcast clouds,-0.6,73.0833,Scoop Guest House
71,Eyl,SO,298.69,broken clouds,7.9803,49.8164,Amiin Hotel
73,Sakakah,SA,294.91,clear sky,29.9697,40.2064,Fakhamat Al Orjoana Apartment
74,Banda Aceh,ID,298.84,light rain,5.5577,95.3222,Sulthan Hotel International
76,San Cristobal,VE,299.25,overcast clouds,7.7669,-72.225,Posada Villaven C.A.
78,Marsh Harbour,BS,299.77,overcast clouds,26.5412,-77.0636,Abaco Beach Resort
79,Ambilobe,MG,297.25,scattered clouds,-13.2,49.05,H√¥tel & Restaurant DIANA Ambilobe
82,Cururupu,BR,300.16,scattered clouds,-1.8283,-44.8683,POUSADA TRAV√âS'CIA
83,Victoria,HK,297.22,light rain,22.2855,114.1577,Mini Hotel Central
84,Shrigonda,IN,295.0,few clouds,18.6167,74.6833,Hotel Dnyashwari
86,Bengkulu,ID,296.79,overcast clouds,-3.8004,102.2655,Grage Hotel Bengkulu
87,Arraial Do Cabo,BR,294.13,overcast clouds,-22.9661,-42.0278,Pousada Porto Praia
94,Monywa,MM,297.69,overcast clouds,22.1167,95.1333,Monywa Hotel
96,Broome,US,294.18,clear sky,42.2506,-75.833,Chenango Valley State Park
97,Manono,CD,292.88,overcast clouds,-7.3,27.4167,Hotel hewa bora
98,Maxixe,MZ,294.43,few clouds,-23.8597,35.3472,Oceano
104,Calama,CL,296.42,clear sky,-22.4667,-68.9333,Diego De Almagro Calama
105,Gastonia,US,298.98,broken clouds,35.2621,-81.1873,"Holiday Inn Express Charlotte West - Gastonia, an IHG Hotel"
106,Diffa,NE,304.3,scattered clouds,13.3154,12.6113,ProDAF/Diffa
107,San Ramon,US,291.69,broken clouds,37.7799,-121.978,San Ramon Marriott
108,Cockburn Town,TC,301.13,scattered clouds,21.4612,-71.1419,Osprey Beach Hotel
113,Reconquista,AR,303.79,clear sky,-29.15,-59.65,Grand Hotel
114,Ondjiva,AO,297.67,scattered clouds,-17.0667,15.7333,COMBUESA
115,Neiafu,TO,298.53,broken clouds,-18.65,-173.9833,Mystic Sands Beachfront Accommodation
116,Sibolga,ID,297.42,overcast clouds,1.7427,98.7792,Hotel Syariah CN Darussalam
117,Kapaa,US,301.14,light rain,22.0752,-159.319,Sheraton Kauai Coconut Beach Resort
118,Cape Town,ZA,290.99,scattered clouds,-33.9258,18.4232,Southern Sun Waterfront Cape Town
121,Mahajanga,MG,299.16,few clouds,-15.7167,46.3167,Restaurant Greedy Coco Lodge Majunga
122,Caravelas,BR,297.16,overcast clouds,-17.7125,-39.2481,Pousada dos Navegantes
123,Los Llanos De Aridane,ES,293.01,broken clouds,28.6585,-17.9182,Valle Aridane
124,Cidreira,BR,293.52,clear sky,-30.1811,-50.2056,Hotel Castelo
126,Poum,NC,297.27,clear sky,-20.2333,164.0167,G√Æte kajeon
127,Mercedes,AR,303.16,scattered clouds,-34.6515,-59.4307,Posada del Inti Centro
128,Port Alfred,ZA,290.31,few clouds,-33.5906,26.891,The Halyards Hotel
131,Saint-Philippe,RE,295.92,scattered clouds,-21.3585,55.7679,"Chambres d'h√¥te ""La Trinit√©"""
133,Iranshahr,IR,297.34,clear sky,27.2025,60.6848,ŸÜ€å⁄© ÿ≥ÿ±ÿ¥ÿ™
134,Westport,US,295.96,broken clouds,41.1415,-73.3579,The Westport Inn
136,Hambantota,LK,299.11,heavy intensity rain,6.1241,81.1185,Bungalow 63
137,Riva,US,298.38,clear sky,38.9521,-76.578,Hilton Garden Inn Annapolis
138,Sao Filipe,CV,299.31,scattered clouds,14.8961,-24.4956,Hotel Xaguate
139,Calamar,CO,299.12,broken clouds,10.2511,-74.9146,Hostal Katyalex
143,East London,ZA,291.39,light rain,-33.0153,27.9116,Tu Casa
144,Sabang,ID,299.98,overcast clouds,5.8933,95.3214,Hotel Citra
145,Locri,IT,290.83,overcast clouds,38.2414,16.2623,Grand Hotel President
149,Rocha,UY,292.67,clear sky,-34.4833,-54.3333,Beleza Pura B&B
150,Los Alamos,US,295.61,clear sky,35.8881,-106.307,"Holiday Inn Express & Suites Los Alamos Entrada Park, an IHG Hotel"
152,Camacha,PT,292.57,broken clouds,33.0833,-16.3333,Hotel Porto Santo & Spa
154,Asfi,MA,292.51,scattered clouds,32.2994,-9.2372,H√¥tel Abda
156,Marawi,PH,292.4,overcast clouds,7.9986,124.2928,Derogongan Residence
158,Pacific Grove,US,291.73,scattered clouds,36.6177,-121.9166,Lovers Point Inn
163,San Pedro Del Pinatar,ES,291.15,few clouds,37.8357,-0.791,Thalasia Costa de Murcia
166,Poso,ID,297.71,broken clouds,-1.3959,120.7524,Hotel 77 Poso
167,Cayenne,GF,298.17,moderate rain,4.9333,-52.3333,H√¥tel Le Dronmi
168,Waingapu,ID,299.31,broken clouds,-9.6567,120.2641,Pondok Wisata Elim
170,Cabo San Lucas,MX,305.66,clear sky,22.8909,-109.9124,Hotel Tesoro Los Cabos
171,Hualmay,PE,292.72,scattered clouds,-11.0964,-77.6139,Hotel Villa Kitzia Huacho
173,Russell,US,299.8,scattered clouds,32.3502,-85.1999,Macs
175,Harper,LR,298.82,overcast clouds,4.375,-7.7169,Screensaver
176,Namatanai,PG,300.18,broken clouds,-3.6667,152.4333,Seagulls Inn Namatani
178,Ponta Do Sol,PT,294.66,few clouds,32.6667,-17.1,Hotel do Campo
179,Matara,LK,298.24,moderate rain,5.9485,80.5353,Amaloh Boutique Resort
181,Constitucion,CL,291.07,broken clouds,-35.3333,-72.4167,Hotel Boutique Las Azucenas
182,Meulaboh,ID,296.87,overcast clouds,4.1363,96.1285,Kost Pria
187,Bathsheba,BB,301.49,broken clouds,13.2167,-59.5167,Atlantis Hotel
191,Port Blair,IN,300.0,overcast clouds,11.6667,92.75,"Welcomhotel By ITC Hotels, Bay Island, Port Blair"
194,Doha,QA,301.14,clear sky,25.2867,51.5333,Movenpick Hotel Doha
195,Pitimbu,BR,300.48,scattered clouds,-7.4706,-34.8086,Reserva do Abia√≠
196,The Valley,AI,302.23,few clouds,18.217,-63.0578,CeBlue Villas & Beach Resort
197,Jucas,BR,304.6,scattered clouds,-6.5253,-39.5275,Pousada e pizzaria Frogomercambar
199,San Pedro De Ycuamandiyu,PY,300.16,clear sky,-24.0917,-57.0764,Hotel Refugio
200,Hervey Bay,AU,296.5,overcast clouds,-25.2986,152.8535,Shelly Bay Resort
207,Banjar,ID,298.1,overcast clouds,-8.19,114.9675,The Hamsa Resort
209,Hobyo,SO,299.77,scattered clouds,5.3505,48.5268,Halane Hotel and Restaurent
210,Kiblawan,PH,296.77,overcast clouds,6.6142,125.2367,manilyn
213,Saldanha,ZA,291.18,scattered clouds,-33.0117,17.9442,Blue Bay Lodge
218,Faanui,PF,298.83,moderate rain,-16.4833,-151.75,Bora-Bora Pearl Beach Resort & Spa
219,Kuala Terengganu,MY,299.12,scattered clouds,5.3302,103.1408,Hotel Grand Continental Kuala Terengganu (4 Star)
220,Monrovia,LR,299.02,moderate rain,6.3005,-10.7969,Sunset Inn
221,Dogondoutchi,NE,305.09,few clouds,13.6393,4.0287,H√¥tel Alheri Maison Alheri
223,Acarau,BR,300.19,clear sky,-2.8856,-40.12,castelo pizzaria
225,Souillac,MU,294.36,light intensity shower rain,-20.5167,57.5167,Shanti Maurice Resort & Spa
227,Huicungo,PE,303.14,moderate rain,-7.2833,-76.8,Gran Pajaten Trek
228,Honiara,SB,300.95,few clouds,-9.4333,159.95,Heritage Park Hotel
229,Montepuez,MZ,295.72,clear sky,-13.1256,38.9997,PembaAparthotel
230,Kavaratti,IN,300.96,scattered clouds,10.5669,72.642,Hotels in Lakshadweep Islands
238,Butaritari,KI,300.66,clear sky,3.0707,172.7902,Isles Sunset Lodge
241,Price,US,291.55,clear sky,39.5994,-110.8107,National 9 - Price River Inn
242,Boyolangu,ID,297.31,broken clouds,-8.1181,111.8935,Yos ega cv
244,Akyab,MM,298.01,scattered clouds,20.15,92.9,Hotel Memory
246,Kununurra,AU,298.14,overcast clouds,-15.7667,128.7333,Hotel Kununurra
247,Tautira,PF,301.16,light rain,-17.7333,-149.15,Pension Oaoa
248,San Felipe,VE,299.28,broken clouds,10.3399,-68.7425,Posada Llovizna Rodr√≠guez
250,Ahipara,NZ,292.29,few clouds,-35.1667,173.1667,Ahipara Holiday Park
251,Salinopolis,BR,300.41,scattered clouds,-0.6136,-47.3561,Salinas Park Resort Ma√ßarico AP101
253,Mana,GF,299.04,moderate rain,5.6592,-53.7767,LE SAMANA
255,Bethel,US,294.26,clear sky,41.3712,-73.414,Courtyard by Marriott Danbury
256,Guhagar,IN,296.1,clear sky,17.4842,73.1929,Hotel Seawinds
258,Tomatlan,MX,300.06,overcast clouds,19.9333,-105.25,El Salvial
259,Uthal,PK,298.32,clear sky,25.8072,66.6219,Al-Mustafa Hotel
262,Teknaf,BD,297.23,overcast clouds,20.8624,92.3058,Forestry Guesthouse
263,San Marcos,US,293.03,mist,33.1434,-117.1661,Hampton Inn San Marcos
264,Keta,GH,301.27,moderate rain,5.9179,0.9879,A&Y Wild Camp Ghana
266,Chirongui,YT,300.11,light rain,-12.9319,45.1483,La Villa Mahatsara
267,Macultepec,MX,307.22,scattered clouds,18.1667,-92.8333,La guadalupana
268,Vanimo,PG,298.37,broken clouds,-2.6741,141.3028,Vahmoneh Lodge Vanimo
270,Trinidad,BO,303.14,scattered clouds,-14.8333,-64.9,Hotel Piesta
273,Kapoeta,SS,303.15,overcast clouds,4.7717,33.5903,Eastgate Hotel
276,Ibra,OM,298.08,clear sky,22.6906,58.5334,ŸÖÿ≤ÿ±ÿπÿ© ÿ±ÿßÿ≠ÿ© ÿßŸÑŸÜŸÅŸàÿ≥ ÿßŸÑŸÖŸÜÿ≤ŸÅÿ©
278,Elat,IL,297.06,clear sky,29.5581,34.9482,Club Hotel Eilat
279,Santiago Del Estero,AR,307.49,clear sky,-27.7951,-64.2615,Apartamentos Castelli 90
280,Oranjestad,AW,303.12,few clouds,12.524,-70.027,Divi Village Golf & Beach Resort
281,That Phanom,TH,291.43,broken clouds,16.9364,104.7104,‡∏ì ‡∏ò‡∏≤‡∏ï‡∏∏‡∏û‡∏ô‡∏°‡πÄ‡∏û‡∏•‡∏™ Na That Panom Place Hotel
282,Deming,US,301.25,clear sky,32.2687,-107.7586,Best Western Deming Southwest Inn
284,Vao,NC,295.06,scattered clouds,-22.6667,167.4833,Hotel Kou-Bugny
285,Salina Cruz,MX,303.59,broken clouds,16.1667,-95.2,Amerik HOTEL
286,Alice Springs,AU,294.9,few clouds,-23.7,133.8833,Desert Palms Alice Springs
287,Buchanan,LR,299.13,moderate rain,5.8808,-10.0467,Kamaneahn Hotel Inc
290,Umm Lajj,SA,299.59,clear sky,25.0213,37.2685,Moon light Furnished Units
297,Kavieng,PG,300.92,overcast clouds,-2.5744,150.7967,Nusa Island Retreat
300,Sechura,PE,297.41,overcast clouds,-5.5569,-80.8222,Hospedaje Costa Bella
301,Paka,MY,298.11,scattered clouds,4.6374,103.4368,RUMBIA RESORT VILLA
303,Candolim,IN,298.65,scattered clouds,15.5181,73.7626,Resort Terra Paraiso
304,Novo Aripuana,BR,304.26,broken clouds,-5.1206,-60.3797,POUSADA Flexy
305,Innisfail,AU,296.49,overcast clouds,-17.5333,146.0333,Moondarra Motel
306,Mayumba,GA,297.98,light rain,-3.432,10.6554,LIKWALE LODGE
308,Isangel,VU,301.21,broken clouds,-19.55,169.2667,Tanna Lodge
310,Chuy,UY,296.6,clear sky,-33.6971,-53.4616,Nuevo Hotel Plaza
314,Itarema,BR,300.01,clear sky,-2.9248,-39.9167,"Sea Lounge! Bar, Club & Restaurant"
318,San Bernardo,CL,303.01,broken clouds,-33.6,-70.7167,Jose antonio gajardo meza
321,Camacupa,AO,291.18,broken clouds,-12.0167,17.4833,seviremde seni
322,Katakwi,UG,294.33,broken clouds,1.8911,33.9661,Ebenezer Guest House
323,Lazaro Cardenas,MX,297.42,overcast clouds,17.9583,-102.2,quinta antigua
324,Tshela,CD,296.67,light rain,-4.9833,12.9333,Hotel Mirador
326,Koungou,YT,299.99,clear sky,-12.7336,45.2042,Villa Netibor
329,Pontes E Lacerda,BR,300.91,overcast clouds,-15.2261,-59.3353,Hotel Bressan
336,Junagadh,IN,295.35,clear sky,21.5167,70.4667,Click Hotel Junagadh
337,Nsanje,MW,299.14,scattered clouds,-16.92,35.262,Nsanje Discovery Lodge
340,Soyo,AO,298.07,broken clouds,-6.1349,12.3689,Hotel Mpampa
341,Dutse,NG,301.32,broken clouds,11.7594,9.3392,Central Mosque Galamawa
343,Cartagena,CO,298.94,light intensity drizzle,10.3997,-75.5144,Hotel Colombia Real - Cartagena
344,Jalu,LY,297.92,scattered clouds,29.0331,21.5482,ÿµÿßÿ≠ÿ®ÿ© ÿßŸÑŸÅÿÆÿßŸÖÿ©
346,Kutum,SD,296.88,broken clouds,14.2,24.6667,Dibbo areaŸÖŸÜÿ∑ŸÇÿ© ÿØÿ®Ÿà
347,Biu,NG,298.83,scattered clouds,10.6129,12.1946,Emir's Palace
349,Wajir,KE,299.87,broken clouds,1.7471,40.0573,Al-bustan Hotel And Restaurant.
352,Salinas,US,291.96,clear sky,36.6777,-121.6555,Laurel Inn & Conference Center
354,Inyonga,TZ,298.4,overcast clouds,-6.7167,32.0667,Eden Rock Lodge
355,Tabuk,PH,294.99,overcast clouds,17.4189,121.4443,Golden Berries Hotel and Convention
356,Takoradi,GH,298.79,broken clouds,4.8845,-1.7554,Raybow International Hotel
358,Sao Joao Da Barra,BR,295.2,overcast clouds,-21.6403,-41.0511,Pousada Porto De Canoas
359,Sungaipenuh,ID,291.36,overcast clouds,-2.0833,101.3833,penginapan citra alam
360,Maragogi,BR,298.53,clear sky,-9.0122,-35.2225,Salinas do Maragogi All Inclusive Resort
366,Esmeraldas,BR,297.32,overcast clouds,-19.7625,-44.3139,Bom Ser√° - Marcinho e Fernanda
369,Kahului,US,302.74,few clouds,20.8947,-156.47,Maui Seaside Hotel
370,Cefalu,IT,292.34,broken clouds,38.0386,14.0229,Hotel La Giara
371,Half Moon Bay,US,292.34,haze,37.4636,-122.4286,"The Ritz-Carlton, Half Moon Bay"
373,Lagoa,PT,292.92,clear sky,39.05,-27.9833,Casa Das Faias
375,Alyangula,AU,296.08,overcast clouds,-13.8483,136.4192,Groote Eylandt Lodge
376,Touros,BR,300.65,clear sky,-5.1989,-35.4608,INN NEW HORIZON
377,Tura,IN,292.04,clear sky,25.5198,90.2201,Hotel RIKMAN Continental
378,Asilah,MA,294.13,light rain,35.465,-6.0348,Hotel Zelis
379,Luwingu,ZM,295.49,overcast clouds,-10.2621,29.9271,"MR.C SIMON CHABALA (Maje, Home Place)"
380,Det Udom,TH,294.05,broken clouds,14.906,105.0784,Chatsuda Resort
382,Mareeba,AU,295.55,broken clouds,-17.0,145.4333,Trinity Plains Tourist Park
383,Lakatoro,VU,300.12,clear sky,-16.0999,167.4164,Lakatoro Palm Lodge
385,La Palma,US,292.77,light rain,33.8464,-118.0467,La Quinta Inn & Suites by Wyndham Buena Park
387,Crixas,BR,300.18,light rain,-14.5489,-49.9692,RISO HOTEL
388,Saint-Pierre,RE,295.97,broken clouds,-21.3393,55.4781,Lindsey H√¥tel
390,Saint George,US,300.41,broken clouds,37.1041,-113.5841,Best Western Plus Abbey Inn
393,Atar,MR,303.35,overcast clouds,20.5169,-13.0499,Oumou Elghoura
397,Anloga,GH,301.27,moderate rain,5.7947,0.8973,Pin Drop Hotel
399,Jacareacanga,BR,305.5,overcast clouds,-6.2222,-57.7528,Casa do Ianüòé
402,Ofaqim,IL,293.01,clear sky,31.3141,34.6203,The Negev Experience
403,Jaciara,BR,300.98,overcast clouds,-15.9653,-54.9683,Taba Hotel
404,Kot Addu,PK,293.07,clear sky,30.4692,70.9671,Mohammad Ayub General Store
407,Nuqui,CO,300.46,light rain,5.7125,-77.2708,Hotel Nuquimar
409,Manzanillo,CU,302.71,broken clouds,20.3433,-77.1167,"HOSTAL ""THE YELLOW HOUSE"""
411,Ocos,GT,304.25,broken clouds,14.5094,-92.1933,Auto Hotel El So√±ador
415,Warri,NG,298.23,overcast clouds,5.5167,5.75,BON Hotel Delta
420,Labuan,MY,298.24,light rain,5.2767,115.2417,Tiara Labuan Hotel
423,North Myrtle Beach,US,298.35,overcast clouds,33.816,-78.68,Avista Resort
424,San Patricio,US,307.2,overcast clouds,28.017,-97.5169,"Motel 6 Sinton, TX"
425,Abilene,US,308.42,clear sky,32.4487,-99.7331,La Quinta Inn by Wyndham Abilene
426,Mecca,SA,299.75,clear sky,21.4267,39.8261,"Makkah Clock Royal Tower, A Fairmont Hotel"
427,Najran,SA,293.51,few clouds,17.4924,44.1277,ŸÖÿ≠ŸÖÿØ ŸáÿßÿØŸä ÿßŸÑ ŸÅÿ∑Ÿäÿ≠
428,Simplicio Mendes,BR,307.52,scattered clouds,-7.8539,-41.9103,Fidalgo
431,Fayaoue,NC,296.91,clear sky,-20.65,166.5333,Chez Dydyce Guesthouse
434,Coahuayana,MX,305.86,overcast clouds,18.7333,-103.6833,El rranchito michuacan de ocampos
436,Kerema,PG,299.22,overcast clouds,-7.9631,145.7785,Frena Lodge
438,Weligama,LK,298.47,heavy intensity rain,5.9667,80.4167,Weligama Bay Resort
440,Oistins,BB,301.2,broken clouds,13.0667,-59.5333,Butterfly Beach Hotel
441,Maracacume,BR,301.54,overcast clouds,-2.0428,-45.9592,Hotel Ramos
442,Grand-Lahou,CI,298.84,light rain,5.1367,-5.0242,Hotel Beatitude de Grand Lahou
443,Morant Bay,JM,301.94,broken clouds,17.8815,-76.4093,Whispering Bamboo Cove Resort
444,High Rock,BS,301.16,overcast clouds,26.6208,-78.2833,Hideaway Bahamas Beach Club
446,Tagusao,PH,299.04,broken clouds,9.1924,117.8141,Toledo
447,Lodwar,KE,302.72,overcast clouds,3.1191,35.5973,Solmar Gracious Hotel
448,Vila Franca Do Campo,PT,292.38,scattered clouds,37.7167,-25.4333,Pestana Bahia Praia
450,Tahoua,NE,302.14,clear sky,14.8888,5.2692,Bungalows Guesthouse
456,Olimpia,BR,301.27,overcast clouds,-20.7372,-48.9147,Hotel Savana
457,Fukue,JP,292.88,clear sky,32.6881,128.8419,Goto Guesthouse Utojuku & SA Car Rental
458,Kawalu,ID,295.53,broken clouds,-7.3817,108.2082,KOSAN UNGU UNSIK
460,Iquique,CL,291.17,scattered clouds,-20.2208,-70.1431,Backpacker`s Hostel Iquique
463,Goma,CD,290.02,overcast clouds,-1.6792,29.2228,Hotel la Versailles Goma
465,Nouakchott,MR,301.11,overcast clouds,18.0858,-15.9785,HOTEL IMAN ŸÅŸÜÿØŸÇ ÿ•ŸäŸÖÿßŸÜ
468,Fort Myers Beach,US,303.2,few clouds,26.452,-81.9481,Lani Kai Island Resort
476,San Jose El Idolo,GT,302.35,scattered clouds,14.45,-91.4167,Local en Alquiler
478,Taitung,TW,296.1,broken clouds,22.7583,121.1444,Taitung Bali Suites Hotel
480,Kaeo,NZ,291.66,scattered clouds,-35.1,173.7833,Bushido Lodge
482,Nabire,ID,297.22,overcast clouds,-3.3667,135.4833,Hotel Nusantara Nabire
483,Inhambane,MZ,294.98,few clouds,-23.865,35.3833,Oceano
485,Waddan,LY,296.53,clear sky,29.1614,16.139,ŸÖÿ≠ŸÑ ÿßŸÑÿ¥ÿ±ŸäŸÅ ŸÖÿ≠ŸÖÿØ ÿßŸÑÿπÿßŸäÿ®
486,Kirakira,SB,301.21,scattered clouds,-10.4544,161.9205,SanBiz Lodge
487,Bosaso,SO,299.54,broken clouds,11.2842,49.1816,Red Sea Hotel
488,San Quintin,MX,293.26,clear sky,30.4833,-115.95,Don Eddie's Sport Fishing Center
493,Itapage,BR,299.49,clear sky,-3.6867,-39.5861,Pousada Itajav√©
494,Valparaiso,CL,296.28,clear sky,-33.0393,-71.6273,Hotel Ultramar
495,Maua,BR,292.04,overcast clouds,-23.6678,-46.4614,Hotel Capriccio Mau√°
496,Rock Sound,BS,301.26,overcast clouds,24.9,-76.2,Rock Sound Club
498,Vaitape,PF,298.81,moderate rain,-16.5167,-151.75,Conrad Bora Bora Nui
501,Ahmadpur,IN,292.87,few clouds,18.7,76.9333,Hengane (Pitashri Niwas)
502,Domoni,KM,299.0,broken clouds,-12.2569,44.5319,Al Djadid
503,Inirida,CO,297.96,overcast clouds,3.8653,-67.9239,Fuente del Guania Hotel de Lujo
506,Marovoay,MG,299.23,clear sky,-16.1,46.6333,H√¥tel les Oliviers Marovoay
508,Quatre Cocos,MU,294.21,light rain,-20.2078,57.7625,Sunrise Attitude Hotel
509,Villa Carlos Paz,AR,308.74,clear sky,-31.4241,-64.4978,Monte Carlo
510,Lorengau,PG,300.96,scattered clouds,-2.0226,147.2712,Lorengau Harbourside Hotel
514,Chimbote,PE,292.52,scattered clouds,-9.0853,-78.5783,Hotel Viera Chimbote
518,Celestun,MX,302.65,few clouds,20.8667,-90.4,Posada Lilia
519,Pocoes,BR,293.86,overcast clouds,-14.5297,-40.3653,Po√ß√µes Palace Hotel
520,Sao Sebastiao,BR,292.88,overcast clouds,-23.76,-45.4097,Hotel Recanto dos P√°ssaros
523,Dubai,AE,301.46,clear sky,25.2582,55.3047,"Radisson Blu Hotel, Dubai Deira Creek"
524,Ixtapa,MX,302.16,overcast clouds,20.7,-105.2,Hotel Plaza Providencia
526,Tarauaca,BR,295.81,overcast clouds,-8.1614,-70.7656,Flat Temporada
537,West Sacramento,US,293.02,broken clouds,38.5805,-121.5302,"Holiday Inn Sacramento Downtown - Arena, an IHG Hotel"
538,Bantogon,PH,299.28,overcast clouds,6.5333,124.0333,Kalamansig Greenhome
540,Tarija,BO,299.1,clear sky,-21.5355,-64.7296,Hostal Granny
541,Gizo,SB,301.36,scattered clouds,-8.103,156.8419,Imagination Island
542,Flagstaff,US,292.41,clear sky,35.1981,-111.6513,Drury Inn & Suites Flagstaff
543,Lingao,CN,294.97,light rain,19.9103,109.6859,Lingao Ditai Inn
544,Bassar,TG,299.15,scattered clouds,9.25,0.7833,H√¥tel KYRIAD
547,Adana,TR,295.16,clear sky,36.985,35.2881,G√ºney Adana Otel
549,Labuhan,ID,299.44,broken clouds,-6.8844,112.2051,PT PPI Lamongan Tambak C
550,Conde,BR,299.85,scattered clouds,-7.2597,-34.9075,Pousada Beija Flor
552,Taltal,CL,290.61,few clouds,-25.4,-70.4833,Residencial Karime
554,Yeppoon,AU,294.03,light rain,-23.1333,150.7333,Villa Mar Colina
559,Amahai,ID,298.31,broken clouds,-3.3333,128.9167,HOTEL ISABELA
560,Bowen,AU,297.27,overcast clouds,-20.0167,148.2333,Castle Motor Lodge Motel
561,Sao Felix Do Xingu,BR,299.59,broken clouds,-6.6447,-51.995,Rio Xingu Camping
562,Robertsport,LR,300.1,overcast clouds,6.7533,-11.3686,Kwepunha Retreat
563,Xai-Xai,MZ,294.68,overcast clouds,-25.0519,33.6442,Complexo da Familia
565,Hirara,JP,297.67,overcast clouds,24.8,125.2833,Hotel Atoll Emerald Miyakojima
566,Payo,ID,295.43,overcast clouds,-3.7508,103.6372,Mess keban agung
568,Waw,SS,299.4,light rain,7.7029,27.9953,Universal Gab Hotel
569,Nouadhibou,MR,295.14,overcast clouds,20.931,-17.0347,El Medina
570,Niquero,CU,302.73,broken clouds,20.0431,-77.5828,Islazul Niquero
572,Benghazi,LY,296.37,few clouds,32.1167,20.0667,Tibesti Hotel
573,Gat,IL,293.53,clear sky,31.61,34.7642,OlusHome
576,Yenagoa,NG,297.54,overcast clouds,4.9247,6.2642,Aridolf Resort Wellness and Spa
577,Magway,MM,296.72,scattered clouds,20.15,94.9167,Htein Htein Thar 2
578,Bubaque,GW,301.54,overcast clouds,11.2833,-15.8333,"Casa Dora, Bubaque"
579,Parrita,CR,302.88,broken clouds,9.5201,-84.3225,Beso del Viento
581,Yangjiang,CN,291.07,clear sky,21.85,111.9667,HUALUXE Yangjiang City Center
583,Matadi,CD,298.37,moderate rain,-5.8167,13.45,Hotel Vivi Palace
585,Bilma,NE,301.4,clear sky,18.6853,12.9164,Expeditions T√©n√©re voyages
586,Cabedelo,BR,300.52,broken clouds,-6.9811,-34.8339,Hotel Pigalle
588,Namibe,AO,290.86,clear sky,-15.1961,12.1522,Hotel Chik Chik Namibe
589,Victor Harbor,AU,290.2,clear sky,-35.5667,138.6167,McCracken Country Club
592,Praya,CV,299.45,broken clouds,14.9215,-23.5087,LT Aparthotel
594,Boca Do Acre,BR,295.57,overcast clouds,-8.7522,-67.3978,Hotel Sao Pedro
596,Laguna,US,293.01,few clouds,38.421,-121.4238,"Holiday Inn Express & Suites Elk Grove Central - Hwy 99, an IHG Hotel"
598,Carbonia,IT,290.93,scattered clouds,39.1672,8.5222,Lu 'Hotel
599,Kampot,KH,298.18,overcast clouds,10.6167,104.1833,Two Moons Hotel
600,Rawson,AR,292.83,overcast clouds,-43.3002,-65.1023,Hosteria Sampedro
602,Miri,MY,298.23,scattered clouds,4.4148,114.0089,"Mega Hotel, Miri"
604,Caxias,PT,290.62,clear sky,38.7031,-9.2767,Hotel Real Oeiras
608,Camalu,MX,293.94,clear sky,30.85,-116.0667,La Cueva del Pirata
609,Rustenburg,ZA,291.16,broken clouds,-25.6676,27.2421,Rustenburg Boutique Hotel
612,Pringsewu,ID,296.62,broken clouds,-5.3582,104.9744,Urban Style by Front One
613,Tirumullaivasal,IN,300.46,light rain,11.2333,79.8333,Almupaark complex
616,Guerrero Negro,MX,295.24,scattered clouds,27.9769,-114.0611,"Casa Laguna, Bed & Breakfast"
618,San Pedro,PH,298.21,scattered clouds,14.35,121.0167,Villa Veronica Resort Private Pool
619,Rockland,US,296.18,broken clouds,41.1668,-74.0496,National Camp Association
621,Chaozhou,CN,294.07,light rain,23.6651,116.6379,Seven Corner View Homestay
622,Raton,US,302.34,clear sky,36.9034,-104.4391,"Holiday Inn Express & Suites Raton, an IHG Hotel"
623,Praia Da Vitoria,PT,293.57,scattered clouds,38.7333,-27.0667,Hotel Branco I
624,Zaidpur,IN,295.19,clear sky,26.8333,81.3333,LAAL KOTHI ZAIDPUR
625,Macau,MO,297.08,few clouds,22.2006,113.5461,Grand Emperor Hotel
630,Sombrio,BR,293.72,clear sky,-29.1139,-49.6167,Santa Rosa Do Sul
632,Harrison,US,303.19,few clouds,30.4091,-89.0436,Residence Inn by Marriott Gulfport-Biloxi Airport
634,Chandbali,IN,296.25,clear sky,20.7833,86.7667,KABITA HOMES
639,Phan Thiet,VN,297.47,light rain,10.9333,108.1,Hotel Saigon-PT
641,Minab,IR,295.87,clear sky,27.1467,57.0801,Bam campground
642,Barra,BR,302.49,broken clouds,-11.0894,-43.1417,Motel Albatroz
644,Shakawe,BW,297.5,overcast clouds,-18.3667,21.85,Ditlhapi Guest House
645,Saint-Joseph,RE,295.36,scattered clouds,-21.3667,55.6167,"""Plantation Bed and Breakfast"
646,Orocue,CO,302.06,overcast clouds,4.7912,-71.3354,Hotel Brisas de San Miguel
650,Iguai,BR,296.09,overcast clouds,-14.7564,-40.0892,CadHotel
651,Sinnamary,GF,298.78,heavy intensity rain,5.3833,-52.95,ALETHEIA Appartement Sinnamary
653,Aswan,EG,297.76,clear sky,24.0934,32.907,Nuba Nile
654,Grand Gaube,MU,294.37,light rain,-20.0064,57.6608,Veranda Paul et Virginie Hotel & Spa
655,Sur,OM,300.3,clear sky,22.5667,59.5289,Sur Plaza Hotel
656,Moree,AU,290.16,clear sky,-29.4667,149.85,Molika Springs Motel
657,Coolum Beach,AU,294.32,overcast clouds,-26.5333,153.1,Palmer Coolum Resort
658,Itoman,JP,295.16,few clouds,26.1247,127.6694,Southern Beach Hotel & Resort Okinawa
659,Mount Isa,AU,299.02,scattered clouds,-20.7333,139.5,ibis Styles Mt Isa Verona
660,Arlit,NE,303.13,clear sky,18.7369,7.3853,Case de Passage De la Prefecture
661,Rosetta,EG,297.05,clear sky,31.4044,30.4164,Green Valley
665,Mattru,SL,296.96,light rain,7.6244,-11.8332,"Mondkor Town, Bagbo Chiefdom, Bo District"
666,Ypsonas,CY,290.69,few clouds,34.6884,32.9574,Club Aphrodite
668,Tshikapa,CD,294.99,overcast clouds,-6.4167,20.8,H√¥tel Tshia-Muntu de Tshikapa
671,Pasni,PK,298.03,clear sky,25.2631,63.471,Kashmiri Hotal
676,Sumenep,ID,300.51,overcast clouds,-7.0167,113.8667,OYO 3271 Homestay Pandian
679,Bac Giang,VN,292.19,clear sky,21.2667,106.2,An Binh Hotel 2
680,Galesong,ID,297.16,overcast clouds,-5.3166,119.3661,Sapriadi Appy
681,Kannur,IN,297.57,broken clouds,11.8675,75.3576,Asokam Beach Resort and Ayurveda Chikitsa Kendram
682,Alta Floresta,BR,301.16,overcast clouds,-9.8756,-56.0861,Floresta Amazonica Hotel
686,Jipijapa,EC,296.87,overcast clouds,-1.3333,-80.5833,Hotel Los Ceibos Jipijapa
688,Rio Grande,BR,301.21,clear sky,-32.035,-52.0986,Hotel Atl√¢ntico Rio Grande
